Handle,Title
short-6,Gym Shorts Khaki 6
short-blk-black,Gym Shorts Khaki Black
legens-10,Leggings White-Green
white-set-2,Gym Set White-Green
short-3,Gym Shorts Blue 3
short-8,Gym Shorts Blue 8
legens-9,Leggings Pink 9
legens-6,Leggings Pink 6
lavanda-set-1,Gym Set Pink 1 Lavanda
pink-set-1,Gym Set Pink 1
legens-8,Leggings Yellow
yellow-set-1,Gym Set Yellow
white-legens-1,Leggings White
white-set-1,Gym Set White
short-7,Gym Shorts Purple
short-5,Gym Shorts Black
short-4-set,Gym Set with Shorts White
short-2,Gym Shorts Brown
short-1,Gym Shorts Pink
legens-7,Leggings Panna
set-tina-panna,Gym Set TINA
green-legens-1,Leggings Green 1
legens-4,Leggings Green 4
set-adva-green,Gym Set ADVA
legens-5,Leggings Lavender
lavanda-set-2,Gym Set Lavender
izumrud-set-1,Gym Set Izumrud
top-grey-1,Top..1 grey
grey-legens-1,Leggings Grey
grey-set-1,Gym Set Grey
dress-seph-white-yellow,Sports Skirt SEPH Yellow
dress-seph-white-black,Sports Skirt SEPH Black
dress-seph-white-rose,Sports Dress SEPH
dress-padel-brown,Sports Skirt Padel Brown
dress-padel-black,Sports Skirt Padel Black
dress-padel-white,Sports Skirt Padel White
legens-3,Leggings Brown 3
legens-2,Leggings Brown 2
brown-set-2,Gym Set Brown 2
brown-set-1,Gym Set Brown 1
legens-1,Leggings Blue
blue-set-1,Gym Set Blue
legens,Leggings Black Legens
black-legens-1,Leggings Black 1
black-set-2,Gym Set Black 2
black-set-1,Gym Set Black 1
top-black-1,Top..1 black
d03-winter-chaqueta,Jacket Montana Burgundy
d03-white-school,Top ESCL White
d03-leopard,Top Leopard Print
d03-jersey-green,Sweater CEUR Green
d03-jersey-black,D03.jersey. black
d03-japon-khaki,Top JPN Khaki
d03-japon-gray,Top JPN Grey
d03-cup-tshirt,T-Shirt BLING White
d03-chaqueta-green,Jacket Montana Green
d03-chaqueta,Snake Print Jacket SPYTH
d03-brown-short,Top BRONSK Brown
d03-body-rose,Rose Body ROSTOA
d03-body-black,Body PERMIA Black
d03-blazer-gray,Blazer WOLY Grey
d03-blazer-brown,Blazer WOLY Brown
d03-black-long,Shirt TRANS Black
d03-black-blusa,Blouse SPIT Black
d03-amerikana-khaki,Blazer TROP Khaki
dress-vlnbl-black,Dress VLNBL Black
dress-setsumit-brown,Dress SUMT Brown
dress-rosita-white,Dress ROSITA White
dress-rosita-pink,Dress ROSITA Pink
dress-pura-white,Dress PURA White
dress-mary-black,Dress MARY Black
dress-fortin-black,Dress FORTIN Black
dress-dolphi-blue-diamant,Dress DOLPHY Blue
dress-diana-white,Dress DIANA White
d03-yellow-set,Dress SUN Yellow
d03-wodopad,Dress ZRT Black
d03-white-tulpan,Cream Dress DESUN
d03-white-short-asimetryc,Dress SHINE White
d03-white-set-winter,Cream Jacket Montana
d03-white-set,Dress RAYE White
d03-vaza,Dress FRYR Black
d03-tulpan,Dress FINE Black
d03-snake,Leopard Dress SNAKE
d03-skatert-2,Dress BLOOM White
d03-skatert,Set Dress GLIT Brown
d03-sirena-blue,Dress ROSITA Blue
d03-set-palma,Multicolor Set ACAPO
d03-set-green,Turquoise Set TULUM
d03-set-beige,Set Dress SOFT Brown
d03-red,Dress ROJO Red
d03-pink-volan,Dress VOLAN Pink
d03-pink-dress-noisy,Dress Noisy Pink D03
pink-dress-noisy,Dress Noisy Pink
d03-pink-disko,Rose Dress RUBY
d03-patata-white,Dress BOW White
d03-patata-brown,D03.patata. brown
d03-office-gray,Dress OFFICE Grey
d03-office-black,Dress OFFICE Black
d03-office-beige,Dress OFFICE Beige
d03-nn-blue,Dress FLORA Blue
d03-nn-black,Dress FLORA Black
d03-long-rushi,Dress AIRE White
d03-long-grey,Cream Dress NITE Black
d03-jk-set-gray,Jacket WNTR Grey
d03-jk-set-black,Jacket WNTR Black
d03-izumrud,Emerald Dress IZUMRUD
d03-gray-short,Dress GRY Grey
d03-gold2,Brown Dress STONE Black
d03-gold,Gold Dress KITTY Black
d03-flower-rose,Rose Multicolor Dress FLOW
d03-dalmatin,Dress DALMATIN Black
d03-brown-long-gold,Dress AUTU Brown
d03-bronze,Bronze Dress BRONZE
d03-black-short,Dress DRK Black
d03-black-set-winter,Winter Set Black
d03-barbie,Dress Barbie Pink
d03-straight-milk,Pants BGB White
d03-straight-black,Pants BGB Black
d03-straight-beige,Pants BGB Beige
d03-silk-vine,Skirt STN Red
d03-silk-milk,Cream Skirt STN
d03-silk-black,Skirt STN Black
d03-rezinka-white,D03.Rezinka. white
d03-rezinka-vine,Pants ELEGT Red
d03-rezinka-green,Pants ELEGT Green
d03-rezinka-black,Pants ELEGT Black
d03-klesh-green,Flare Pants BGB Green
d03-klesh-beige,Flare Pants BGB Beige
d03-falda-short-red,Skirt WNTR Red
d03-falda-short-brown,Skirt WNTR Brown
d03-chanl-black,Multicolor Skirt CHNCHN
d03-chanel-brown,Multicolor Skirt COCO
d03-black-school-skirt,Skirt ONX Black
set-long-aeta-sand-grey-8,Set.long.AETA.sand. grey 8
set-long-aeta-sand-grey-7,Set.long.AETA.sand. grey 7
set-long-aeta-sand-grey-6,Set.long.AETA.sand. grey 6
set-long-aeta-sand-grey-5,Set.long.AETA.sand. grey 5
set-long-aeta-sand-grey-4,Set.long.AETA.sand. grey 4
set-long-aeta-sand-grey-3,Set.long.AETA.sand. grey 3
set-long-aeta-sand-grey-2,Set.long.AETA.sand. grey 2
set-long-aeta-sand-grey-1,Set.long.AETA.sand. grey 1
set-long-aeta-sand-grey,Set.long.AETA.sand. grey
zelos2,Zelos2
zelos1,Zelos1
zelos,Zelos
xerxes2,Xerxes2
xerxes1,Xerxes1
xerxes,Xerxes
mulo1,Mulo1
mulo,Mulo
gala2,Gala2
gala1,Gala1
gala,Gala
2404-c2s,2404 C2S
2404-c1s,2404 C1S
2403-c3s,2403 C3S
2403-c2s,2403 C2S
2403-c1s,2403 C1S
2402-c3s,2402 C3S
2402-c2s,2402 C2S
2402-c1s,2402 C1S
2401-c3s,2401 C3S
2401-c2s,2401 C2S
2401-c1s,2401 C1S
do1-shirt-aeta-grey,Men's Shirt AETA Grey
do1-shirt-aeta-black,Men's Shirt AETA Black
d01-shirtsilk-circle-silver,Men's Silver Silk Shirt CIRCLE
d01-shirt-xaxa-black,Men's Shirt XAXA Black
d01-shirt-vegas-black,Men's Shirt VEGAS Black
d01-shirt-rosario-burgunde,Men's Shirt ROSARIO Burgundy
d01-shirt-remo-white,Men's Shirt REMO White
d01-shirt-nazure-white-pink,Men's Pink Shirt NAZURE White
d01-shirt-leblon-white-green-apricote,Men's Green Apricot Shirt LEBLON White
d01-shirt-ipa-white-apricote,Men's Apricot Shirt IPA White
d01-shirt-florino-white-black,Men's Black Shirt FLORINO White
d01-shirt-aeta-white,Men's Shirt AETA White
d01-pleatedshirt-luca-black,Men's Pleated Shirt LUCA Black
d01-knit-shirt-crema-creamwhite,Men's Cream Knit Shirt CREMA White
d01-knit-shirt-alpa-panna,Men's Knit Shirt ALPA Panna
d01-knit-polo-angelo-panna,Men's Knit Polo ANGELO Panna
tank-shirt-siffredi-black-1,Men's Tank Shirt SIFFREDI Black
d01-tshirt-ripped-white,Men's T-Shirt RIPPED White
d01-tshirt-ripped-black,Men's T-Shirt RIPPED Black
d01-tshirt-lovedyou-black,Men's T-Shirt LOVEDYOU Black
d01-tshirt-lovedmip-black,Men's T-Shirt LOVEDMIP Black
d01-tshirt-lovechaos-black,Men's T-Shirt LOVECHAOS Black
d01-tshirt-forte-white,Men's T-Shirt FORTE White
d01-tshirt-direttore2-white,Men's T-Shirt DIRETTORE2 White
d01-tshirt-direttore-white,Men's T-Shirt DIRETTORE White
d01-tshirt-champagne-black,Men's T-Shirt CHAMPAGNE Black
d01-tankshirt-siffredi-black,D01.TankShirt.SIFFREDI. black
tank-shirt-siffredi-black,Tank.Shirt.SIFFREDI. white
d01-knit-vest-zeus-green-white,Men's Green Knit Vest ZEUS White
d01-sweater-florence-black-white,Sweater FLORENCE
d01-sweater-cielo-white,Men's Sweater CIELO White
d01-knitvest-capri-black-white,Men's Black Knit Vest CAPRI White
d01-knitvest-amalfi-black-white-1,Men's Black Knit Vest AMALFI White
d01-jacket-teddy-white-black,Men's Black Jacket TEDDY White
d01-jacket-roma-black-gold,Men's Gold Jacket ROMA Black
d01-blazer-sicily-white,Men's Blazer SICILY White
d01-blazer-sicily-black,Men's Blazer SICILY Black
d01-blazer-berlusconi-grey,Men's Blazer BERLUSCONI Grey
do2-shorts-aeta-grey,Men's Shorts AETA Grey Do2
d02-short-aeta-grey,Men's Shorts AETA Grey D02
d01-shorts-aeta-grey,Men's Shorts AETA Grey D01
do2-shorts-aeta-black,Men's Shorts AETA Black
d02-shorts-aeta-white,Men's Shorts AETA White
d02-pants-aeta-grey,Men's Pants AETA Grey
d02-pants-aeta01-black-1,Men's Pants AETA Black 1
do2-pants-aeta-black,Men's Pants AETA Black
d02-pants-aeta-sand-grey-1,Men's Sand Pants AETA Grey
d02-pants-bold-panna,Men's Pants BOLD Panna
d02-pants-aeta01-white,Men's Pants AETA White
d02-pants-aeta01-green,Men's Pants AETA Green
d02-pants-aeta01-brown,Men's Pants AETA Brown
d02-pants-aeta01-beige,Men's Pants AETA Beige
d01-knit-vest-zeus-black-white,Men's Black Knit Vest ZEUS White
d01-hoody-love-black,Men's Hoodie LOVE Black
d01-hoody-artdirettore-black,Men's Hoodie ARTDIRETTORE Black
white-winter-set,Winter Set White
white-set-blusa-skirt,Set Blusa Skirt White
white-set-arfa,Set Arfa White
white-romashka-dress,Romashka Dress White
white-long-unamanga,Long Unamanga White
white-long-dress,Long Dress White
white-dress-patata,Dress Patata White
white-black-school,Black School White
violetta-dress,Violetta Dress
sport-green-klesh,Sport Klesh Green
sport-dark-beige-straight,Sport Dark Straight Beige
sport-dark-beige-klesh,Sport Dark Klesh Beige
sport-black-straight,Sport Straight Black
sport-beige-straight,Sport Straight Beige
short-set-indy-hippy,Short Set Indy Hippy
short-dress-flower,Short Dress Flower
red-skirt-silk,Skirt Silk Red
red-skirt-japan-gris,Skirt Japan Gris Red
red-long-dress,Long Dress Red
pink-set-arfa,Set Arfa Pink
pink-dress-short,Dress Short Pink
pink-balerina-dress,Balerina Dress Pink
long-hippy-set,Long Hippy Set
izumrud-short-dress,Izumrud Short Dress
green-poncho-black,Green Poncho Black
brown-white-rezinka,Brown Rezinka White
brown-skirt-japan-khaki,Brown Skirt Japan Khaki
brown-skirt-chanel-amerikana,Skirt Chanel Amerikana Brown
brown-set-skirt,Set Skirt Brown
brown-dress-patata,Dress Patata Brown
brown-dress,Dress Brown
bronz-short-dress,Bronz Short Dress
blue-set-arfa,Set Arfa Blue
blue-dress-short,Dress Short Blue
black-skirt-silk,Skirt Silk Black
black-skirt-chanel,Skirt Chanel Black
black-rezinka,Rezinka Black
black-body,Body Black
beige-skirt-silk,Skirt Silk Beige
beige-set-skirt,Set Skirt Beige
barbie-dress,Barbie Dress
amerikana-khaki,Amerikana Khaki
strick-kurz,Strick kurz
beige-set-long,.set.long Beige
black-vest-ripped,vest ripped Black
beige-set-short,set short Beige
shirt-black-ripped,Shirt ripped black
grey-set-short,set short Grey
shirt-wnb-green-palm-1,Shirt WNB palm-1 green
shirt-white-riped,Shirt riped white
shirt-white-fishnet,Shirt fishnet white
shirt-burgund-rose,Shirt burgund rose
shirt-xagon-white,Shirt xagon white
shirt-wnb-white-floral,Shirt WNB floral white
shirt-wnb-pink2,Shirt WNB pink2
shirt-wnb-pink,Shirt WNB pink
black-set-long,set long Black
black-set-short,set short Black
white-set-short,set short White
strick-green,Strick green
strick-black,Strick black
strick-beige-2,Strick 2 beige
srick-fein-beige,Srick fein beige
